title,title_orig,price,retail_price,currency_buyer,units_sold,uses_ad_boosts,rating,rating_count,rating_five_count,rating_four_count,rating_three_count,rating_two_count,rating_one_count,badges_count,badge_local_product,badge_product_quality,badge_fast_shipping,tags,product_color,product_variation_size_id,product_variation_inventory,shipping_option_name,shipping_option_price,shipping_is_express,countries_shipped_to,inventory_total,has_urgency_banner,urgency_text,origin_country,merchant_title,merchant_name,merchant_info_subtitle,merchant_rating_count,merchant_rating,merchant_id,merchant_has_profile_picture,merchant_profile_picture,product_url,product_picture,product_id,theme,crawl_month
Nouvelle mode d'été femmes robe décontractée col rond lâche Big Swing jupe sans manches Soild couleur robe de plage,New Fashion Summer Women Casual Dress Round Neck Loose Big Swing Skirt Sleeveless Soild Color Beach dress,1.0,10,EUR,100,0,3.56,52.0,22.0,8,9,3,10,0,0,0,0,"Summer,Fashion,Necks,Beach,Dress,Loose,beach dress,Round neck,Women's Fashion,sleeveless,Skirts,Casual,Women",white,XXS,2,Livraison standard,1,0,40,50,1,Quantité limitée !,"",Maryswill,maryswill,"81 % avis positifs (91,631 notes)",91631,3.83793694273772,5268759b736046671957190c,1,https://s3-us-west-1.amazonaws.com/sweeper-production-merchantimage/dp_5268759b736046671957190c.jpg,https://www.wish.com/c/5e81acbde187530740f207c6,https://contestimg.wish.com/api/webimage/5e81acbde187530740f207c6-medium.jpg,5e81acbde187530740f207c6,summer,2020-08
Fashion Women Sleeveless Lace Vest Loose V Neck Solid Silk  Lady Casual Sexy Black Tank Tops,Fashion Women Sleeveless Lace Vest Loose V Neck Solid Silk  Lady Casual Sexy Black Tank Tops,8.0,33,EUR,10,0,5,0.0,"","","","","",0,0,0,0,"Vest,Fashion,Lace,V-neck,Women's Fashion,lacebra,sexy,silk,Casual,Women,Tank,Necks,casualsuspendertop,lace top,Tops,lace vest,slingtop,black,sleeveless",black,S,50,Livraison standard,2,0,25,50,"","",CN,WSLCWM,wslcwm,"88 % avis positifs (1,496 notes)",1496,4.169786096256685,592955ef980a346d826f7bfc,0,"",https://www.wish.com/c/5ed0dfc51fa8446451b19c0d,https://contestimg.wish.com/api/webimage/5ed0dfc51fa8446451b19c0d-medium.jpg,5ed0dfc51fa8446451b19c0d,summer,2020-08
Womens Summer Fashion Lip Print 2pc Set Ladies Casual Col rond T-shirt à manches courtes et short,Womens Summer Fashion Lip Print 2pc Set Ladies Casual Round Neck Short Sleeve T Shirt and Shorts,5.0,51,EUR,10,0,5,0.0,"","","","","",0,0,0,0,"Summer,Shorts,Shirt,Sleeve,sportsset,short sleeves,Two piece set,lipprint,Ladies,women shorts,Fashion,lip,women t shirt,Round neck,Casual,Print,tracksuitsforwomen,runningset,Necks",black,XS,1,Livraison standard,1,0,36,50,"","",CN,hxt520,hxt520,86 % avis positifs (295 notes),295,3.989830508474576,5d464a1ffdf7bc44ee933c65,0,"",https://www.wish.com/c/5eb90ab5ad67f63678d15ed9,https://contestimg.wish.com/api/webimage/5eb90ab5ad67f63678d15ed9-medium.jpg,5eb90ab5ad67f63678d15ed9,summer,2020-08
Women's Casual Sleeveless Stripe T Shirts Dress Big Swing Maxi Dress Summer Beach Long Dress Plus Size XS-5XL,Women's Casual Sleeveless Stripe T Shirts Dress Big Swing Maxi Dress Summer Beach Long Dress Plus Size XS-5XL,2.7199999999999998,9,EUR,1,0,5,0.0,"","","","","",0,0,0,0,"Summer,Plus Size,Shirt,long dress,Dress,Women's Fashion,V-neck,Maxi Dresses,beach dress,Party Dress,Stripes,Sleeveless dress,summer dresses,women dress,Beach,Casual,sleeveless",orange,XS,1,Livraison standard,1,0,33,50,"","",CN,Kyiswen,kyiswen,75 % avis positifs (378 notes),378,3.5978835978835977,5d417e7070327a2743021677,0,"",https://www.wish.com/c/5ed3ae8e7bf8821d5cf4bc64,https://contestimg.wish.com/api/webimage/5ed3ae8e7bf8821d5cf4bc64-medium.jpg,5ed3ae8e7bf8821d5cf4bc64,summer,2020-08
"Pantalon à lacets à la mode pour femmes d'été, plus la taille Pantalon court à taille haute décontracté",Summer Women s  Fashion  Lace Up Tie Pants  Plus Size Casual High Waist Short Pants,3.7800000000000002,4,EUR,1000,1,3.35,79.0,30.0,13,11,5,20,0,0,0,0,"Summer,Shorts,high waist shorts,high waist,Casual pants,pants,summer shorts,Waist,Slim Fit,Short pants,Women's Fashion,Plus Size,Lace Up,Women,Fashion,Casual,Lace",red,XS,1,Livraison standard,1,0,38,50,"","","",Maxnina,maxnina,"(105,015 notes)",105015,3.789601485502071,5177b0b63feb620dd802a197,0,"",https://www.wish.com/c/5dde07c651fe4539f9c3ee70,https://contestimg.wish.com/api/webimage/5dde07c651fe4539f9c3ee70-medium.jpg,5dde07c651fe4539f9c3ee70,summer,2020-08
Jupe de tennis plissée extensible Active Skort Athletic pour femme pour l'entraînement de golf,Women's Active Skort Athletic Stretchy Pleated Tennis Skirt for Running Golf Workout,5.0,5,EUR,10,0,5,0.0,"","","","","",0,0,0,0,"ladies skort,running skirt,summer skirt,Golf,short dress,Women Skirts,Athletics,Skirts,Pleated,Running,Tennis,short skirt skorts,Women's Fashion,hightwaistdres,Pleated Skirt,Active,short skirt,tennisdres",white,S,50,Livraison standard,2,0,8,50,1,Quantité limitée !,CN,renpingping,renpingping,80 % avis positifs (129 notes),129,3.8372093023255816,5a3231f2e62bbc45b0bda1dd,0,"",https://www.wish.com/c/5ed1c059630f990d1d44592c,https://contestimg.wish.com/api/webimage/5ed1c059630f990d1d44592c-medium.jpg,5ed1c059630f990d1d44592c,summer,2020-08
"\"T-shirt d'été sans manches en coton imprimé \"\"BUT DID YOU DIE\"\" T-shirt d'entraînement avec débardeur T-shirt en bleu","blanc et gris.\"","",7,56,EUR,5000,1,4.16,1378.0,747,317,172,66,76,0,0,0,0,"Blues,Summer,Plus Size,Tank,Sexy Top,letter print,Workout tanktop,Tops,Grey,tank top,Women's Fashion,Fashion,women t shirt,Women,Casual T-Shirt,Print,sleeveless,white,women top,T Shirts,Cotton",pink,S,15,Livraison standard,2,0,41,50,"","",CN,owiner,owiner,"85 % avis positifs (25,222 notes)",25222.0,4.001546269130125,566a47bfe9fa8a31b3ef5141,0,"",https://www.wish.com/c/5b73bf7b7594b445df99384e,https://contestimg.wish.com/api/webimage/5b73bf7b7594b445df99384e-medium.jpg,5b73bf7b7594b445df99384e,summer
Women's Sexy Push Up Bikini Sexy Vintage Set Sexy Biquini Brésilien Biquini,Women's Sexy Push Up Bikini Vintage Set Sexy Brazilian Biquini,11.0,30,EUR,10,0,5,0.0,"","","","","",0,0,0,0,"woman fashion,Fashion,outside,Vintage,sexy bikini,tasselbikini,Swimwear,Swimsuit,Bikini,brazilian,sexy,Beach,Women","",S,50,Livraison standard,3,0,78,50,1,Quantité limitée !,CN,YIWU SHI AO HANG DIAN ZI SHANG WU YOU XIAN GONG SI,yiwushiaohangdianzishangwuyouxiangongsi,"91 % avis positifs (22,621 notes)",22621,4.295123999823173,56025ed8293a5b2d24779bde,0,"",https://www.wish.com/c/573db9316b335c34ca0513b8,https://contestimg.wish.com/api/webimage/573db9316b335c34ca0513b8-medium.jpg,573db9316b335c34ca0513b8,summer,2020-08
Mode d'été Tie-Dye manches courtes robe longue lâche col en V BOHO Maxi Dress,Summer Fashion Tie-Dye Short Sleeve Long Dress Loose V Neck BOHO Maxi Dress,8.0,9,EUR,7,0,5,0.0,"","","","","",0,0,0,0,"Summer,summer dress,Necks,Sleeve,long dress,plus size dress,Dress,Loose,V Neckdress,short sleeves,maxi dress,Shorts,boho,short sleeve dress,boho dress,Fashion,womendre,women dress,Women's Fashion",orange,XXS,5,Livraison standard,3,0,38,50,"","",CN,"SHENZHEN LONGDRAGON TECHNOLOGY CO.,LTD",shenzhenlongdragontechnologycoltd,"87 % avis positifs (108,048 notes)",108048,4.052504442470013,5417aada4ad3ab27e954b76c,1,https://s3-us-west-1.amazonaws.com/sweeper-production-merchantimage/dp_5417aada4ad3ab27e954b76c.jpg,https://www.wish.com/c/5e8d70549f1504449514c8b9,https://contestimg.wish.com/api/webimage/5e8d70549f1504449514c8b9-medium.jpg,5e8d70549f1504449514c8b9,summer,2020-08
Dames d'été Tie Dye Imprimer manches courtes hors épaule Casual Plus Size Dress,Ladies Summer Tie Dye Print Short Sleeve Off Shoulder Casual Plus Size Dress,4.8100000000000005,5,EUR,100,1,5,0.0,"","","","","",0,0,0,0,"Summer,Plus Size,Tie Dye,tiedyeprint,Dyes,Dress,summer dress,short sleeves,Ladies,Women's Fashion,Shorts,off shoulder dress,Sleeve,Print,women dress,Casual,casual dress",yellow,XS,5,Envio Padrão,1,0,47,50,1,Quantité limitée !,CN,chaoyang_lizhen,chaoyang_lizhen,83% Feedback positivo (6 classificações),6,4.333333333333333,5e5f6272d0e9af054214467e,0,"",https://www.wish.com/c/5edda5aeb7160e568443c6e7,https://contestimg.wish.com/api/webimage/5edda5aeb7160e568443c6e7-medium.jpg,5edda5aeb7160e568443c6e7,summer,2020-08
2020 New  Women Summer Fashion O-neck Sleeveless Stripes Printing Slim Fit Casual Cotton Tank Tops,2020 New  Women Summer Fashion O-neck Sleeveless Stripes Printing Slim Fit Casual Cotton Tank Tops,8.0,7,EUR,10,1,5,0.0,"","","","","",0,0,0,0,"Summer,Slim  Fitting,Tank,summer tank top,Tops,slim,tank top,Slim Fit,Women's Fashion,Fashion,Stripes,sleeveless,Cotton,Casual,Women Fashion,Women",grey,M,50,Livraison standard,3,0,10,50,"","",CN,longming,longming,"85 % avis positifs (27,175 notes)",27175,3.966034958601656,58a99ceca65ebc504a6ebf1e,0,"",https://www.wish.com/c/5eccb8aa18e87d64f13e012c,https://contestimg.wish.com/api/webimage/5eccb8aa18e87d64f13e012c-medium.jpg,5eccb8aa18e87d64f13e012c,summer,2020-08
Combinaisons décontractées sans manches en coton pour femmes,Women Summer Fashion Cotton Overalls Sleeveless Casual Jumpsuits,11.0,30,EUR,1,0,5,0.0,"","","","","",0,0,0,0,"Summer,Fashion,Cotton,Casual pants,rompersforwomen,Overalls,Women's Fashion,summerpant,overallsforwomen,sleeveless,Women,women Jumpsuit,Casual,jumpsuit",armygreen,XS,10,Livraison standard,2,0,33,50,"","",CN,caogao,caogao,"(1,380 notes)",1380,4.007246376811594,5d4b8931933fb13f8a1fe232,0,"",https://www.wish.com/c/5ebfdd5bebac37702b0b207b,https://contestimg.wish.com/api/webimage/5ebfdd5bebac37702b0b207b-medium.jpg,5ebfdd5bebac37702b0b207b,summer,2020-08
Vintage Kawaii Harajuku T Shirt Women Ullzang Cute 90S summer T-shirt Funny Cartoon Graphic Tshirt 90s Fashion  Tees Female,Vintage Kawaii Harajuku T Shirt Women Ullzang Cute 90S summer T-shirt Funny Cartoon Graphic Tshirt 90s Fashion  Tees Female,8.0,17,EUR,10,0,5,0.0,"","","","","",0,0,0,0,"90sfashion,Summer,Fashion,Princess,cute,Kawaii,Shirt,comfy,Leisure,short sleeves,Funny,Women's Fashion,women t shirt,Vintage,Cartoons,Women,Harajuku,Casual,T Shirts,Cotton",white,S,50,Livraison standard,3,0,48,50,1,Quantité limitée !,CN,WenqiaoyouuOO,wenqiaoyouuoo,75 % avis positifs (8 notes),8,3.625,5df1cd2ecce7510b506fdba5,0,"",https://www.wish.com/c/5ec48b4f504db2c516aad131,https://contestimg.wish.com/api/webimage/5ec48b4f504db2c516aad131-medium.jpg,5ec48b4f504db2c516aad131,summer,2020-08
Women Off Shoulder Floral Print Boho Dress Women Beach Summer Dresses Ladies Strapless Long Maxi Dress Vestidos Female,Women Off Shoulder Floral Print Boho Dress Women Beach Summer Dresses Ladies Strapless Long Maxi Dress Vestidos Female,7.0,6,EUR,100,0,5,0.0,"","","","","",0,0,0,0,"Summer,strapless,Floral print,Tops & T-Shirts,sundress,ladies dress,Beach,Dress,Blouses & Shirts,boho,Women,Print,beach dress,transparentdres,Black Top,Sexy Dress,Floral,women dress,Ladies,Women's Fashion,Women Clothing",tan,XS,50,Livraison standard,2,0,140,50,"","",AT,tutishop,tutishop,"",0,5.0,5dab9ece69ce753090f6735c,0,"",https://www.wish.com/c/5f01c514792d0b94d29d0cb6,https://contestimg.wish.com/api/webimage/5f01c514792d0b94d29d0cb6-medium.jpg,5f01c514792d0b94d29d0cb6,summer,2020-08
Womens Summer Fashion Lip Print 2pc Set Ladies Casual Col rond T-shirt à manches courtes et short,Womens Summer Fashion Lip Print 2pc Set Ladies Casual Round Neck Short Sleeve T Shirt and Shorts,5.0,51,EUR,10,0,5,0.0,"","","","","",0,0,0,0,"Summer,Shorts,Shirt,Sleeve,sportsset,short sleeves,Two piece set,lipprint,Ladies,women shorts,Fashion,lip,women t shirt,Round neck,Casual,Print,tracksuitsforwomen,runningset,Necks",black,XS,1,Livraison standard,1,0,36,50,"","",CN,hxt520,hxt520,86 % avis positifs (295 notes),295,3.989830508474576,5d464a1ffdf7bc44ee933c65,0,"",https://www.wish.com/c/5eb90ab5ad67f63678d15ed9,https://contestimg.wish.com/api/webimage/5eb90ab5ad67f63678d15ed9-medium.jpg,5eb90ab5ad67f63678d15ed9,summer,2020-08
Femmes Crop Tops Deep V Neck Sans manches Slim Fit Solid Tops Solid For Summer,Women Crop Tops Deep V Neck Sleeveless Slim Fit Solid Tops For Summer,9.0,34,EUR,50,0,5,0.0,"","","","","",0,0,0,0,"Deep V-Neck,Summer,Vest,Slim Fit,crop top,Necks,Pure Color,slim,Women's Fashion,sexy,sleeveless,women top,simfit,Tops,Women",white,S,6,Livraison standard,3,0,41,50,"","",CN,Adrea boutique,adreaboutique,"86 % avis positifs (14,676 notes)",14676,4.07420278004906,55f7c64b3a698c4749f3bccf,0,"",https://www.wish.com/c/5e86c978d4bc413d5735e5ea,https://contestimg.wish.com/api/webimage/5e86c978d4bc413d5735e5ea-medium.jpg,5e86c978d4bc413d5735e5ea,summer,2020-08
Nouveau été hommes chat Caterpillar bulldozer pantalon court sport,New Summer Men Cat Caterpillar Bulldozer Short Pants Sport,12.0,14,EUR,10,0,5,0.0,"","","","","",0,0,0,0,"Summer,Plus Size,Casual pants,pants,Men,Short pants,caterpillar,Cats,Men's Fashion,Shorts,Sport,Cotton",black,S,50,Livraison standard,3,0,22,50,"","",CN,fengguijieshop,fengguijieshop,87 % avis positifs (52 notes),52,3.8846153846153846,5e5cb2f077179e1ac07004a2,0,"",https://www.wish.com/c/5ea7e2d949b52108c6560c5b,https://contestimg.wish.com/api/webimage/5ea7e2d949b52108c6560c5b-medium.jpg,5ea7e2d949b52108c6560c5b,summer,2020-08
Fashion Women Back Deep V V Sexy Gilet sans dos Sexy Débardeur sans manches Slim T-shirt femme haut slim,Fashion Women Back Deep V Sexy Backless Vest Tank Sleeveless Slim Tops womens Tshirt,7.0,13,EUR,50000,1,3.35,9075.0,2998.0,1514,1827,1136,1600,0,0,0,0,"Vest,womens top,Tank,Tops,slim,T Shirts,Womens T Shirts,Women's Fashion,Fashion,backless,sexy,sleeveless,womens vest,Women",gray,S,50,Livraison standard,2,0,40,50,"","","",freebird,fashionshow,"(839,882 notes)",839882,4.103759813878616,52bd3ddb34067e4620a4c62d,0,"",https://www.wish.com/c/552f840fcea30816e52aabcf,https://contestimg.wish.com/api/webimage/552f840fcea30816e52aabcf-medium.jpg,552f840fcea30816e52aabcf,summer,2020-08
2019 nouvelle mode femmes lâche col rond robe manches courtes couleur unie tenue décontractée,2019 New Fashion Women Loose Round Neck Dress Short Sleeve Solid Color Casual Dress,1.85,11,EUR,100,0,3.9,97.0,49.0,16,14,9,9,0,0,0,0,"Summer,Fashion,Necks,Sleeve,Dress,neck dress,short sleeves,Round neck,Women's Fashion,Shorts,Loose,Casual,Women",black,XXS,2,Livraison standard,1,0,40,50,"","","",Maryswill,maryswill,"(91,631 notes)",91631,3.83793694273772,5268759b736046671957190c,1,https://s3-us-west-1.amazonaws.com/sweeper-production-merchantimage/dp_5268759b736046671957190c.jpg,https://www.wish.com/c/5d8d8f2e0c400f2f97671e30,https://contestimg.wish.com/api/webimage/5d8d8f2e0c400f2f97671e30-medium.jpg,5d8d8f2e0c400f2f97671e30,summer,2020-08
Femmes deux pièces ensemble imprimé vague rayé hauts sans manches + jupes courtes excellent,Women Two Piece Set Print Wave Striped Sleeveless Tops+Short Skirts Excellent,8.0,7,EUR,20000,0,3.41,5781.0,1964.0,1029,1167,684,937,0,0,0,0,"chiffon dress,strapdres,Dress,summer dress,backless dress,waveprintdres,Sleeveless dress,mini skirt,Print,women dress,Striped,sexy skirt","",S,50,Livraison standard,3,0,40,50,"","","",BUSINESS INDUSTRY,businessindustry,"90 % avis positifs (32,923 notes)",32923,4.209154694286669,542a670d4f66d92eba599455,0,"",https://www.wish.com/c/56f640b461d6cf68cb5c5d83,https://contestimg.wish.com/api/webimage/56f640b461d6cf68cb5c5d83-medium.jpg,56f640b461d6cf68cb5c5d83,summer,2020-08
Femmes Robes D'été De Mode Col En V Dos Nu Robe En Dentelle Robes De Plage Robe Blanche Plus La Taille XS-5XL Robe Femme,Women's Fashion Summer Dresses V Neck Backless Lace Dress Beach Dresses White Dress Plus Size XS-5XL Robe Femme,12.0,11,EUR,100,1,5,0.0,"","","","","",0,0,0,0,"Summer,Plus Size,partydressesforwomen,Lace,robefemme,Dress,Lace Dress,casualdressesforwomen,Women's Fashion,white dress,sexydressesforwoman,beach dress,Fashion,backless,plus size dress,summerdressesforwomen,sundressesforwomen,Robes,Beach,white,Necks",yellow,XS,5,Livraison standard,3,0,25,50,"","",CN,ASKY1,ahighqlty,100 % avis positifs (6 notes),6,4.5,5e70afae21861a90a4e6b7f0,0,"",https://www.wish.com/c/5f03643cc00703c46d6745f0,https://contestimg.wish.com/api/webimage/5f03643cc00703c46d6745f0-medium.jpg,5f03643cc00703c46d6745f0,summer,2020-08
Mode féminine Maillots de bain Deux pièces Split Bikini Set Summer Printed Beach Bathing Swimsuits,Women Fashion Swimwear Two Pieces Split Bikini Set Summer Printed Beach Bathing Swimsuits,15.0,15,EUR,3,0,5,0.0,"","","","","",0,0,0,0,"Summer,sexy bathing suit,Bikinis Set,Beach,splitbikiniset,Swimsuit,Swimwear,Bikini,Fashion,Two Pieces,splits,Women,Women's Fashion,printed",black,SizeL,50,Livraison standard,4,0,40,50,"","",CN,papastees,papastees,"(4,150 notes)",4150,4.252289156626506,56a9df1b3a698c526f769805,0,"",https://www.wish.com/c/5ee4389b9d2ddf161dcb50c7,https://contestimg.wish.com/api/webimage/5ee4389b9d2ddf161dcb50c7-medium.jpg,5ee4389b9d2ddf161dcb50c7,summer,2020-08
Jupe de tennis plissée extensible Active Skort Athletic pour femme pour l'entraînement de golf,Women's Active Skort Athletic Stretchy Pleated Tennis Skirt for Running Golf Workout,5.0,5,EUR,10,0,5,0.0,"","","","","",0,0,0,0,"ladies skort,running skirt,summer skirt,Golf,short dress,Women Skirts,Athletics,Skirts,Pleated,Running,Tennis,short skirt skorts,Women's Fashion,hightwaistdres,Pleated Skirt,Active,short skirt,tennisdres",white,S,50,Livraison standard,2,0,8,50,"","",CN,renpingping,renpingping,80 % avis positifs (129 notes),129,3.8372093023255816,5a3231f2e62bbc45b0bda1dd,0,"",https://www.wish.com/c/5ed1c059630f990d1d44592c,https://contestimg.wish.com/api/webimage/5ed1c059630f990d1d44592c-medium.jpg,5ed1c059630f990d1d44592c,summer,2020-08
"Pantalon à lacets à la mode pour femmes d'été, plus la taille Pantalon court à taille haute décontracté",Summer Women s  Fashion  Lace Up Tie Pants  Plus Size Casual High Waist Short Pants,5.0,30,EUR,100,0,3.69,13.0,5.0,2,4,1,1,0,0,0,0,"Summer,Shorts,high waist shorts,Lace,Casual pants,pants,summer shorts,Slim Fit,Short pants,high waist,Women's Fashion,Plus Size,Lace Up,Women,vocation,Fashion,Casual,Waist",black,XS,50,Livraison standard,1,0,40,50,"","","",TopmanClothing,topmanclothing,"(16,215 notes)",16215,3.8400246685168056,52838e612dcc6469fa2d7104,0,"",https://www.wish.com/c/5e44564413b8939de2f0a0f8,https://contestimg.wish.com/api/webimage/5e44564413b8939de2f0a0f8-medium.jpg,5e44564413b8939de2f0a0f8,summer,2020-08
Gilet de couleur unie pour femmes à la mode d'été 2020 Top sans manches à col en V,Summer 2020 Fashionable Women's Solid Color Vest Sleeveless Halter V-Neck Top,5.65,33,EUR,10,0,5,0.0,"","","","","",0,0,0,0,"Mini,Vest,Fashion,Tank,Halter,Summer,womemstop,Tops,tank top,#top #crop,tankvest,V-neck,sleeveless",yellow,XXXXL,50,Livraison standard,2,0,43,50,1,Quantité limitée !,CN,Zios,zios,"86 % avis positifs (28,798 notes)",28798,4.0370164594763525,57c4dd2ce2a1b61c74c4265a,0,"",https://www.wish.com/c/5eb4dccc8fb578171beef0ad,https://contestimg.wish.com/api/webimage/5eb4dccc8fb578171beef0ad-medium.jpg,5eb4dccc8fb578171beef0ad,summer,2020-08
2020 Femmes Mode Col En V Couleur Unie Slim Fit Coton Décontracté Deux Pièces Vêtements De Sport,2020 Women Fashion V-neck Solid Color Slim Fit Casual Cotton Two Pieces Sports Wear,4.8100000000000005,30,EUR,3,0,5,0.0,"","","","","",0,0,0,0,"Summer,Shorts,Slim Fit,slim,twopiecesoutfit,V-neck,Women's Fashion,Fashion,tank top,Women,sexy,Sport,Casual,Women Fashion,Cotton",green,XS,5,Livraison standard,1,0,43,50,"","",CN,Choic‘store,choicstore,"85 % avis positifs (11,378 notes)",11378,3.990507997890666,564d8f2f3a698c01d97fbb81,0,"",https://www.wish.com/c/5eb618659ac3e01e76161a4a,https://contestimg.wish.com/api/webimage/5eb618659ac3e01e76161a4a-medium.jpg,5eb618659ac3e01e76161a4a,summer,2020-08
"Pantalon à lacets à la mode pour femmes d'été, plus la taille Pantalon court à taille haute décontracté",Summer Women s  Fashion  Lace Up Tie Pants  Plus Size Casual High Waist Short Pants,5.0,30,EUR,100,0,3.69,13.0,5.0,2,4,1,1,0,0,0,0,"Summer,Shorts,high waist shorts,Lace,Casual pants,pants,summer shorts,Slim Fit,Short pants,high waist,Women's Fashion,Plus Size,Lace Up,Women,vocation,Fashion,Casual,Waist",black,XS,50,Livraison standard,1,0,40,50,1,Quantité limitée !,"",TopmanClothing,topmanclothing,"(16,215 notes)",16215,3.8400246685168056,52838e612dcc6469fa2d7104,0,"",https://www.wish.com/c/5e44564413b8939de2f0a0f8,https://contestimg.wish.com/api/webimage/5e44564413b8939de2f0a0f8-medium.jpg,5e44564413b8939de2f0a0f8,summer,2020-08
2020 New  Women Summer Fashion O-neck Sleeveless Stripes Printing Slim Fit Casual Cotton Tank Tops,2020 New  Women Summer Fashion O-neck Sleeveless Stripes Printing Slim Fit Casual Cotton Tank Tops,8.0,7,EUR,10,1,5,0.0,"","","","","",0,0,0,0,"Summer,Slim  Fitting,Tank,summer tank top,Tops,slim,tank top,Slim Fit,Women's Fashion,Fashion,Stripes,sleeveless,Cotton,Casual,Women Fashion,Women",grey,M,50,Livraison standard,3,0,10,50,1,Quantité limitée !,CN,longming,longming,"85 % avis positifs (27,175 notes)",27175,3.966034958601656,58a99ceca65ebc504a6ebf1e,0,"",https://www.wish.com/c/5eccb8aa18e87d64f13e012c,https://contestimg.wish.com/api/webimage/5eccb8aa18e87d64f13e012c-medium.jpg,5eccb8aa18e87d64f13e012c,summer,2020-08
Mode féminine été bretelles spaghetti imprimé floral nouer devant mini robe robe sexy,Women's Summer Fashion Spaghetti Strap Floral Print Tie Front Mini Dress Sexy Dress,8.0,68,EUR,8,0,5,0.0,"","","","","",0,0,0,0,"Mini,summer dress,Floral print,Summer,womensfahsion,Spaghetti,Dress,floralprinteddres,Print,minidressforwomen,Mini dress,spaghettishoulderstrapdres,Women's Fashion,spaghettistrapdresse,Sexy Dress,Floral,sexy,Fashion",white,S,50,Livraison standard,3,0,43,50,1,Quantité limitée !,CN,Lucky726,lucky726,80 % avis positifs (626 notes),626,3.916932907348243,5d3aa36072b0c915fe6b8fbd,0,"",https://www.wish.com/c/5eb2200b989caa081980b812,https://contestimg.wish.com/api/webimage/5eb2200b989caa081980b812-medium.jpg,5eb2200b989caa081980b812,summer,2020-08
Ventilateur personnel USB rechargeable mains libres tour de cou ventilateur de plein air Mini ventilateur,Personal Fan USB Rechargeable Hands Free Neckband Fan Outdoor Sports Mini Fan,16.0,16,EUR,2,0,5,0.0,"","","","","",0,0,0,0,"Mini,Summer,portablefan,usb,minifan,Rechargeable,travelfan,Outdoor,Fans,sportfan,Sport,neckhangingfan,lazyfan","",White,10,Livraison standard,5,0,32,50,"","",CN,xiaoguiling,xiaoguiling,(693 notes),693,4.303030303030303,5b24edf0d1c360301099e9c6,0,"",https://www.wish.com/c/5f11698e9a44cd5ecd1909db,https://contestimg.wish.com/api/webimage/5f11698e9a44cd5ecd1909db-medium.jpg,5f11698e9a44cd5ecd1909db,summer,2020-08
Hakuna Matata Lettre Imprimer Tee Shirt Été Femmes T-shirt À Manches Courtes Plus La Taille Femmes Casual Coton Top Drôle T-shirt,Hakuna Matata Letter Print Tee Shirt Summer Women Short Sleeve T Shirt Plus Size Women Casual Cotton Top Funny T Shirt,5.75,5,EUR,10,1,5,0.0,"","","","","",0,0,0,0,"Funny,letter print,Fashion,Shirt,Sleeve,Summer,unisex,Tops,short sleeves,Shorts,T Shirts,Plus Size,black,Tops & T-Shirts,Print,Women,Women's Fashion,Casual,Cotton",white,XS,5,Livraison standard,2,0,139,50,"","",CN,liyang163,liyang163,33 % avis positifs (3 notes),3,2.3333333333333335,5e63469b2fdc774466e15dd5,0,"",https://www.wish.com/c/5ed4cabd34f3329741e8c3ee,https://contestimg.wish.com/api/webimage/5ed4cabd34f3329741e8c3ee-medium.jpg,5ed4cabd34f3329741e8c3ee,summer,2020-08
New Summer Women's New Fashion Sleeveless Polka Dot V-neck Strap Mini Backless Casual Top Dresses,New Summer Women's New Fashion Sleeveless Polka Dot V-neck Strap Mini Backless Casual Top Dresses,3.6799999999999997,4,EUR,100,0,3.71,42.0,18.0,7,9,3,5,0,0,0,0,"Summer,Fashion,Mini,Tops,Polkas,V-neck,Casual,black,polka dot,sleeveless,backless,Dress,Women Fashion",navy,XS,1,Livraison standard,1,0,38,50,"","","",Maxnina,maxnina,"80 % avis positifs (105,015 notes)",105015,3.789601485502071,5177b0b63feb620dd802a197,0,"",https://www.wish.com/c/5d82f19340367911da1b9ee7,https://contestimg.wish.com/api/webimage/5d82f19340367911da1b9ee7-medium.jpg,5d82f19340367911da1b9ee7,summer,2020-08
8 Colors Plus Size Summer New Women Fashion Ladies Casual Sleeveless Tops Summer Sexy Cutout Back Open Double Layer Tank Top Plus Size S-5XL,8 Colors Plus Size Summer New Women Fashion Ladies Casual Sleeveless Tops Summer Sexy Cutout Back Open Double Layer Tank Top Plus Size S-5XL,4.65,4,EUR,50,0,5,0.0,"","","","","",0,0,0,0,"Women Vest,Plus Size,Tops & Blouses,tunic top,tanktopcroptop,Summer,backless top,sleevelessblouse,Tops,ruffletanktop,Women's Fashion,tshirtcasualtop,tank top,teevest,sexy,Ladies,Tank,Fashion,Casual,sleeveless,Women",lightpink,XS,9,Livraison standard,1,0,36,50,1,Quantité limitée !,CN,yqlili666,yqlili666,81 % avis positifs (268 notes),268,3.8917910447761193,5d454f4056a26067881bb903,0,"",https://www.wish.com/c/5e79d1d09981e55d65627085,https://contestimg.wish.com/api/webimage/5e79d1d09981e55d65627085-medium.jpg,5e79d1d09981e55d65627085,summer,2020-08
Papillon Imprimer Coton Masque Visage Sport En Plein Air Rencontrez Masque D'isolement D'été Nouvelle Mode À La Mode Masque De Rue Casual Bandana pour les Femmes Soins de Santé,Butterfly Print Cotton Face Mask Outdoor Sport Meet Isolation Mask Summer New Fashion Trendy Street Mask Casual Bandana for Women Health Care,2.67,67,EUR,10,0,5,0.0,"","","","","",0,0,0,0,"butterfly,Summer,Outdoor,isolation,Masks,Sport,Women's Fashion,Fashion,Health,Face Mask,Print,Women,Cotton,Casual,cottonmask",purple,1 pc.,5,Livraison standard,1,0,27,50,1,Quantité limitée !,CN,hehaiyan,hehaiyan,85 % avis positifs (13 notes),13,3.6923076923076925,5e606b6e29e7867135073fbe,0,"",https://www.wish.com/c/5edf2eac07570835cf35ee02,https://contestimg.wish.com/api/webimage/5edf2eac07570835cf35ee02-medium.jpg,5edf2eac07570835cf35ee02,summer,2020-08
New Ladies Fashion Print Top Summer V-neck Sleeveless Top,New Ladies Fashion Print Top Summer V-neck Sleeveless Top,9.0,10,EUR,10,1,5,0.0,"","","","","",0,0,0,0,"blouse,Summer,Fashion,Ladies Fashion,topsandtop,slim,V-neck,Ladies,Women S Clothing,sleeveless tops,Print,sleeveless,Printing,Tops,Women",black,XS,50,Livraison standard,3,0,43,50,1,Quantité limitée !,CN,pedeska,pedeska,79 % avis positifs (291 notes),291,3.6907216494845363,5d676dae88a10253b1781da6,0,"",https://www.wish.com/c/5ed48479a79b693eae66e575,https://contestimg.wish.com/api/webimage/5ed48479a79b693eae66e575-medium.jpg,5ed48479a79b693eae66e575,summer,2020-08
Plus la taille d'été femmes décontracté sans manches barboteuses combinaisons combinaison de couleur unie jarretelles pantalons lâche salopette,Plus Size Summer Women Casual Sleeveless Rompers Jumpsuits Solid Color Suspender Ttrousers Loose Overalls,5.83,8,EUR,5000,0,3.99,639.0,337.0,118,89,33,62,0,0,0,0,"Deep V-Neck,Summer,Plus Size,Spaghetti Strap,Overalls,Women's Fashion,sleeveless,Women,Casual,jumpsuit",green,Size-XS,50,Livraison standard,2,0,40,50,"","","",Maryswill,maryswill,"81 % avis positifs (91,631 notes)",91631,3.83793694273772,5268759b736046671957190c,1,https://s3-us-west-1.amazonaws.com/sweeper-production-merchantimage/dp_5268759b736046671957190c.jpg,https://www.wish.com/c/5dafd1e7e580730831a8a64c,https://contestimg.wish.com/api/webimage/5dafd1e7e580730831a8a64c-medium.jpg,5dafd1e7e580730831a8a64c,summer,2020-08
Débardeurs sans bretelles sans manches pour femmes Bandeau Stretch Côtelé Stretch Débardeurs,Womens Sleeveless Strapless Tube Tops Bandeau Stretch Ribbed Layering Tank Tops,9.0,26,EUR,10000,1,3.78,2090.0,892.0,440,379,168,211,0,0,0,0,"Summer,strapless,Tank,Tops,Women's Fashion,tank top,beachvest,off shoulder,sleeveless,women top,backless,Strapless Top",black,S,50,Livraison standard,3,0,40,50,"","","",freebird,fashionshow,"87 % avis positifs (839,882 notes)",839882,4.103759813878616,52bd3ddb34067e4620a4c62d,0,"",https://www.wish.com/c/57ccc65975aea72c65411bc6,https://contestimg.wish.com/api/webimage/57ccc65975aea72c65411bc6-medium.jpg,57ccc65975aea72c65411bc6,summer,2020-08
New Ladies Fashion Print Top Summer V-neck Sleeveless Top,New Ladies Fashion Print Top Summer V-neck Sleeveless Top,8.0,10,EUR,50,1,5,0.0,"","","","","",0,0,0,0,"blouse,Summer,Fashion,Ladies Fashion,topsandtop,slim,V-neck,Ladies,Women S Clothing,sleeveless tops,Print,sleeveless,Printing,Tops,Women",black,XS,50,Livraison standard,3,0,41,50,"","",CN,shenzhenmaoyifuzhuangdian,深圳贸易服装店,"88 % avis positifs (21,485 notes)",21485,4.146241563881778,5784d339e8aa8938977fefd0,0,"",https://www.wish.com/c/5ed4846f86ab3a200059da35,https://contestimg.wish.com/api/webimage/5ed4846f86ab3a200059da35-medium.jpg,5ed4846f86ab3a200059da35,summer,2020-08
Été 2020 nouvelle robe lâche imprimé floral sans manches pour femmes XL robe pour femmes (S-5XL),Summer 2020 New Loose Floral Print Sleeveless Women's Dress XL Women's Dress (S-5XL),7.0,66,EUR,10,1,5,0.0,"","","","","",0,0,0,0,"Summer,Plus Size,Floral print,Dresses,Spring,Dress,summer dress,Print,Women's Fashion,Sleeveless dress,women's dress,Floral,sleeveless",blue,XS,50,Livraison standard,2,0,41,50,"","",CN,"Langwei Clothes CO.,LTD",hangzhoulangweiclothescoltd,"86 % avis positifs (3,694 notes)",3694,4.0422306442880345,5466f5ea1280fa5c9c7ba98e,1,https://s3-us-west-1.amazonaws.com/sweeper-production-merchantimage/dp_5466f5ea1280fa5c9c7ba98e.jpg,https://www.wish.com/c/5eb8dd6275e01b65b8da16ac,https://contestimg.wish.com/api/webimage/5eb8dd6275e01b65b8da16ac-medium.jpg,5eb8dd6275e01b65b8da16ac,summer,2020-08
Plus la taille d'été femmes décontracté sans manches barboteuses combinaisons combinaison de couleur unie jarretelles pantalons lâche salopette,Plus Size Summer Women Casual Sleeveless Rompers Jumpsuits Solid Color Suspender Ttrousers Loose Overalls,11.0,10,EUR,1000,1,3.73,128.0,54.0,24,28,6,16,0,0,0,0,"Deep V-Neck,Summer,Plus Size,Spaghetti Strap,Overalls,Women's Fashion,sleeveless,Women,Casual,jumpsuit",black,Size-L,50,Livraison standard,2,0,38,50,1,Quantité limitée !,"",Maxnina,maxnina,"80 % avis positifs (105,015 notes)",105015,3.789601485502071,5177b0b63feb620dd802a197,0,"",https://www.wish.com/c/5d3120c92435742c362a09ec,https://contestimg.wish.com/api/webimage/5d3120c92435742c362a09ec-medium.jpg,5d3120c92435742c362a09ec,summer,2020-08
Gilet de couleur unie pour femmes à la mode d'été 2020 Top sans manches à col en V,Summer 2020 Fashionable Women's Solid Color Vest Sleeveless Halter V-Neck Top,8.0,33,EUR,50,1,5,0.0,"","","","","",0,0,0,0,"Mini,Vest,Fashion,Tank,Halter,Summer,womemstop,Tops,tank top,#top #crop,tankvest,V-neck,sleeveless",khaki,S,50,Livraison standard,2,0,41,50,"","",CN,terbuer,terbuer,"87 % avis positifs (9,395 notes)",9395,4.1100585417775415,575cfe470551415caa5505b5,0,"",https://www.wish.com/c/5eb4dc8ec1231404c92d7eae,https://contestimg.wish.com/api/webimage/5eb4dc8ec1231404c92d7eae-medium.jpg,5eb4dc8ec1231404c92d7eae,summer,2020-08
New Ladies Fashion Print Top Summer V-neck Sleeveless Top,New Ladies Fashion Print Top Summer V-neck Sleeveless Top,9.0,10,EUR,10,1,5,0.0,"","","","","",0,0,0,0,"blouse,Summer,Fashion,Ladies Fashion,topsandtop,slim,V-neck,Ladies,Women S Clothing,sleeveless tops,Print,sleeveless,Printing,Tops,Women",black,XS,50,Livraison standard,3,0,43,50,"","",CN,pedeska,pedeska,79 % avis positifs (291 notes),291,3.6907216494845363,5d676dae88a10253b1781da6,0,"",https://www.wish.com/c/5ed48479a79b693eae66e575,https://contestimg.wish.com/api/webimage/5ed48479a79b693eae66e575-medium.jpg,5ed48479a79b693eae66e575,summer,2020-08
Femmes Dames Mode Plus Size Daisy Sans Manches Chemises Décontractées,Women Ladies Fashion Plus Size Daisy Sleeveless Casual Shirts & Tops,7.0,31,EUR,8,0,5,0.0,"","","","","",0,0,0,0,"Plus Size,Shirt,Tops,Women's Fashion,Fashion,sleeveless tops,daisy,Ladies,sleeveless,Ladies Fashion,Casual,Women Fashion,Women",blue,XS,10,Livraison standard,2,0,43,50,"","",CN,"Langwei Garments Trading CO.,LTD",langweigarmentstradingcoltd,"84 % avis positifs (53,225 notes)",53225,3.949159229685298,54365c349719cd57af2b449b,0,"",https://www.wish.com/c/5e9a99189b1c2d0240f15f72,https://contestimg.wish.com/api/webimage/5e9a99189b1c2d0240f15f72-medium.jpg,5e9a99189b1c2d0240f15f72,summer,2020-08
2019 nouvelle mode femmes lâche col rond robe manches courtes couleur unie tenue décontractée,2019 New Fashion Women Loose Round Neck Dress Short Sleeve Solid Color Casual Dress,1.85,11,EUR,100,0,3.9,97.0,49.0,16,14,9,9,0,0,0,0,"Summer,Fashion,Necks,Sleeve,Dress,neck dress,short sleeves,Round neck,Women's Fashion,Shorts,Loose,Casual,Women",black,XXS,2,Livraison standard,1,0,40,50,1,Quantité limitée !,"",Maryswill,maryswill,"(91,631 notes)",91631,3.83793694273772,5268759b736046671957190c,1,https://s3-us-west-1.amazonaws.com/sweeper-production-merchantimage/dp_5268759b736046671957190c.jpg,https://www.wish.com/c/5d8d8f2e0c400f2f97671e30,https://contestimg.wish.com/api/webimage/5d8d8f2e0c400f2f97671e30-medium.jpg,5d8d8f2e0c400f2f97671e30,summer,2020-08
Femmes Robes D'été De Mode Col En V Dos Nu Robe En Dentelle Robes De Plage Robe Blanche Plus La Taille XS-5XL Robe Femme,Women's Fashion Summer Dresses V Neck Backless Lace Dress Beach Dresses White Dress Plus Size XS-5XL Robe Femme,12.0,11,EUR,100,1,5,0.0,"","","","","",0,0,0,0,"Summer,Plus Size,partydressesforwomen,Lace,robefemme,Dress,Lace Dress,casualdressesforwomen,Women's Fashion,white dress,sexydressesforwoman,beach dress,Fashion,backless,plus size dress,summerdressesforwomen,sundressesforwomen,Robes,Beach,white,Necks",yellow,XS,5,Livraison standard,3,0,25,50,1,Quantité limitée !,CN,ASKY1,ahighqlty,100 % avis positifs (6 notes),6,4.5,5e70afae21861a90a4e6b7f0,0,"",https://www.wish.com/c/5f03643cc00703c46d6745f0,https://contestimg.wish.com/api/webimage/5f03643cc00703c46d6745f0-medium.jpg,5f03643cc00703c46d6745f0,summer,2020-08
Mens T-Shirts  Summer Popular Tik Tok Printed Tops Tee Male T-shirt Short Sleeve tshirt for Men Casual Top,Mens T-Shirts  Summer Popular Tik Tok Printed Tops Tee Male T-shirt Short Sleeve tshirt for Men Casual Top,7.0,7,EUR,10,1,5,0.0,"","","","","",0,0,0,0,"Summer,Fashion,Shirt,Sleeve,Tops,Men,Men's Fashion,short sleeves,T Shirts,Shorts,printed,Casual",white,XS,50,Livraison standard,2,0,22,50,"","",CN,JinveI skyqiong,jinveiskyqiong,85 % avis positifs (193 notes),193,4.062176165803109,5de71b384c9c820a00c16efa,0,"",https://www.wish.com/c/5ecdc68e46cdc10c6216940f,https://contestimg.wish.com/api/webimage/5ecdc68e46cdc10c6216940f-medium.jpg,5ecdc68e46cdc10c6216940f,summer,2020-08
Women Fashion Vintage Animal Dragonfly Owl Printed T-shirt Women Loose Sleeveless Summer Shirt Tee S-XXXL,Women Fashion Vintage Animal Dragonfly Owl Printed T-shirt Women Loose Sleeveless Summer Shirt Tee S-XXXL,5.0,5,EUR,100,1,5,0.0,"","","","","",0,0,0,0,"Summer,Fashion,dragon fly,summer t-shirts,T Shirts,sleeves,women t shirt,Owl,Women,Shirt,animal print,Vintage,Tops,Women's Fashion,Round neck,Printing t shirt,Animal,sleeveless,Printed T Shirts,printed",green,XXS,4,Livraison standard,1,0,35,50,"","",CN,Your Fashion 2016,yourfashion2016,"87 % avis positifs (1,172 notes)",1172,4.122866894197952,57ebc98dfc63523912aa1424,0,"",https://www.wish.com/c/5f095371d25f1d274c028031,https://contestimg.wish.com/api/webimage/5f095371d25f1d274c028031-medium.jpg,5f095371d25f1d274c028031,summer,2020-08
Robe d'été sans manches imprimée sans bretelles pour femme,Women's Summer Slim-fit Print Strapless Sleeveless Dress,9.0,9,EUR,100,1,5,0.0,"","","","","",0,0,0,0,"Summer,woman fashion,printeddres,suspenderdres,Dress,Slim Fit,beach wear,Women's Fashion,Sleeveless dress,women dress,Print,sleeveless,Casual,strapless",white,S,50,Livraison standard,3,0,44,50,"","",CN,New Lucky,homeaccessoryinternational,"89 % avis positifs (246,312 notes)",246312,4.203725356458476,5406c9c77f086e1be430d73e,0,"",https://www.wish.com/c/5ec1ffa502f451526044f724,https://contestimg.wish.com/api/webimage/5ec1ffa502f451526044f724-medium.jpg,5ec1ffa502f451526044f724,summer,2020-08
Robe d'été bohème à ourlet irrégulier à manches longues pour femmes,Women Summer Half Sleeve Irregular Hem Bohemian long Dress,16.0,14,EUR,10,1,5,0.0,"","","","","",0,0,0,0,"bohodressesforwoman,irregularhemdre,Sleeve,Summer,long dress,Dress,beach dress,bohemiandresse,boho,bohemian,boho dress,halfsleevedre,bohemian dress,Women,Women's Fashion,mediasmujer","",S.,2,Livraison standard,4,0,40,50,"","",CN,SHOES 4U,shoes4u,"(1,442 notes)",1442,4.466019417475728,56de96c70f2a81169f14fcde,0,"",https://www.wish.com/c/5f0e6c204e43471f765df4f0,https://contestimg.wish.com/api/webimage/5f0e6c204e43471f765df4f0-medium.jpg,5f0e6c204e43471f765df4f0,summer,2020-08
New Summer Women's New Fashion Sleeveless Polka Dot V-neck Strap Mini Backless Casual Top Dresses,New Summer Women's New Fashion Sleeveless Polka Dot V-neck Strap Mini Backless Casual Top Dresses,3.6799999999999997,4,EUR,100,0,3.71,42.0,18.0,7,9,3,5,0,0,0,0,"Summer,Fashion,Mini,Tops,Polkas,V-neck,Casual,black,polka dot,sleeveless,backless,Dress,Women Fashion",navy,XS,1,Livraison standard,1,0,38,50,"","","",Maxnina,maxnina,"80 % avis positifs (105,015 notes)",105015,3.789601485502071,5177b0b63feb620dd802a197,0,"",https://www.wish.com/c/5d82f19340367911da1b9ee7,https://contestimg.wish.com/api/webimage/5d82f19340367911da1b9ee7-medium.jpg,5d82f19340367911da1b9ee7,summer,2020-08
Robe d'été sans manches imprimée sans bretelles pour femme,Women's Summer Slim-fit Print Strapless Sleeveless Dress,9.0,9,EUR,100,1,5,0.0,"","","","","",0,0,0,0,"Summer,woman fashion,printeddres,suspenderdres,Dress,Slim Fit,beach wear,Women's Fashion,Sleeveless dress,women dress,Print,sleeveless,Casual,strapless",white,S,50,Livraison standard,3,0,44,50,1,Quantité limitée !,CN,New Lucky,homeaccessoryinternational,"89 % avis positifs (246,312 notes)",246312,4.203725356458476,5406c9c77f086e1be430d73e,0,"",https://www.wish.com/c/5ec1ffa502f451526044f724,https://contestimg.wish.com/api/webimage/5ec1ffa502f451526044f724-medium.jpg,5ec1ffa502f451526044f724,summer,2020-08
Mode féminine Maillots de bain Deux pièces Split Bikini Set Summer Printed Beach Bathing Swimsuits,Women Fashion Swimwear Two Pieces Split Bikini Set Summer Printed Beach Bathing Swimsuits,9.0,9,EUR,1000,0,4.2,300.0,188.0,51,20,15,26,0,0,0,0,"Summer,sexy bathing suit,Bikinis Set,splitbikiniset,Swimwear,Swimsuit,Bikini,Fashion,Two Pieces,printed,Women's Fashion,Women,Beach,splits",red,S,30,Livraison standard,3,0,40,50,"","","",Clothingloves,clothingloves,"75 % avis positifs (82,219 notes)",82219,3.5900825843174937,51aff6a38e221e2cafcdc0cb,1,https://s3-us-west-1.amazonaws.com/sweeper-production-merchantimage/dp_51aff6a38e221e2cafcdc0cb.jpg,https://www.wish.com/c/5d806bcf77593b45bd7cff78,https://contestimg.wish.com/api/webimage/5d806bcf77593b45bd7cff78-medium.jpg,5d806bcf77593b45bd7cff78,summer,2020-08
Dames d'été Tie Dye Imprimer manches courtes hors épaule Casual Plus Size Dress,Ladies Summer Tie Dye Print Short Sleeve Off Shoulder Casual Plus Size Dress,4.8100000000000005,5,EUR,100,1,5,0.0,"","","","","",0,0,0,0,"Summer,Plus Size,Tie Dye,tiedyeprint,Dyes,Dress,summer dress,short sleeves,Ladies,Women's Fashion,Shorts,off shoulder dress,Sleeve,Print,women dress,Casual,casual dress",yellow,XS,5,Envio Padrão,1,0,47,50,"","",CN,chaoyang_lizhen,chaoyang_lizhen,83% Feedback positivo (6 classificações),6,4.333333333333333,5e5f6272d0e9af054214467e,0,"",https://www.wish.com/c/5edda5aeb7160e568443c6e7,https://contestimg.wish.com/api/webimage/5edda5aeb7160e568443c6e7-medium.jpg,5edda5aeb7160e568443c6e7,summer,2020-08
Nouvelle mode femmes lâche col rond robe manches courtes couleur unie tenue décontractée,New Fashion Women Loose Round Neck Dress Short Sleeve Solid Color Casual Dress,12.0,11,EUR,100,0,3.6,30.0,14.0,3,5,3,5,0,0,0,0,"Summer,Fashion,Necks,Sleeve,Dress,neck dress,short sleeves,Round neck,Women's Fashion,Shorts,Loose,Casual,Women",black,M,50,Livraison standard,3,0,38,50,1,Quantité limitée !,"",Maxnina,maxnina,"(105,015 notes)",105015,3.789601485502071,5177b0b63feb620dd802a197,0,"",https://www.wish.com/c/5d3eba3f20e552131d7dcb40,https://contestimg.wish.com/api/webimage/5d3eba3f20e552131d7dcb40-medium.jpg,5d3eba3f20e552131d7dcb40,summer,2020-08
Papillon Imprimer Coton Masque Visage Sport En Plein Air Rencontrez Masque D'isolement D'été Nouvelle Mode À La Mode Masque De Rue Casual Bandana pour les Femmes Soins de Santé,Butterfly Print Cotton Face Mask Outdoor Sport Meet Isolation Mask Summer New Fashion Trendy Street Mask Casual Bandana for Women Health Care,2.67,67,EUR,10,0,5,0.0,"","","","","",0,0,0,0,"butterfly,Summer,Outdoor,isolation,Masks,Sport,Women's Fashion,Fashion,Health,Face Mask,Print,Women,Cotton,Casual,cottonmask",purple,1 pc.,5,Livraison standard,1,0,27,50,"","",CN,hehaiyan,hehaiyan,85 % avis positifs (13 notes),13,3.6923076923076925,5e606b6e29e7867135073fbe,0,"",https://www.wish.com/c/5edf2eac07570835cf35ee02,https://contestimg.wish.com/api/webimage/5edf2eac07570835cf35ee02-medium.jpg,5edf2eac07570835cf35ee02,summer,2020-08
Nouvelle mode d'été femmes robe décontractée col rond lâche Big Swing jupe sans manches Soild couleur robe de plage,New Fashion Summer Women Casual Dress Round Neck Loose Big Swing Skirt Sleeveless Soild Color Beach dress,1.0,10,EUR,100,0,3.56,52.0,22.0,8,9,3,10,0,0,0,0,"Summer,Fashion,Necks,Beach,Dress,Loose,beach dress,Round neck,Women's Fashion,sleeveless,Skirts,Casual,Women",white,XXS,2,Livraison standard,1,0,40,50,"","","",Maryswill,maryswill,"81 % avis positifs (91,631 notes)",91631,3.83793694273772,5268759b736046671957190c,1,https://s3-us-west-1.amazonaws.com/sweeper-production-merchantimage/dp_5268759b736046671957190c.jpg,https://www.wish.com/c/5e81acbde187530740f207c6,https://contestimg.wish.com/api/webimage/5e81acbde187530740f207c6-medium.jpg,5e81acbde187530740f207c6,summer,2020-08
T-shirt décontracté à manches courtes pour femmes,Women Fashion Leopard Lips Crewneck Tee Short Sleeve Casual T-shirt,6.0,17,EUR,6,0,5,0.0,"","","","","",0,0,0,0,"Summer,Fashion,cottontee,Sleeve,Tops & Tees,Leopard,short sleeves,Shorts,Round neck,T Shirts,lipsshirt,lip,Tops & T-Shirts,Casual Tops,Women's Fashion,Casual,Women Fashion,Women",white,XS,10,Livraison standard,2,0,43,50,"","",CN,witkey BL,witkeybl,"86 % avis positifs (65,189 notes)",65189,4.049640276733805,57b03628c676b3573ba2a081,0,"",https://www.wish.com/c/5e7eb4545c97e409ca7c33aa,https://contestimg.wish.com/api/webimage/5e7eb4545c97e409ca7c33aa-medium.jpg,5e7eb4545c97e409ca7c33aa,summer,2020-08
Nouveau Sexy Femmes Bandage Découpé Débardeurs Dames D'été Bustier Crop Tops Une Taille,New Sexy Women Bandage Cut Out Tank Tops Ladies Summer Bustier Crop Tops One Size,5.67,5,EUR,20000,0,3.63,7242.0,2867.0,1406,1330,695,944,0,0,0,0,"Summer,sportytankini,crop top,Tank,Tops,tank top,tank tops women,sportcroptop,Women's Fashion,Bustier,Ladies,sexy,Women,Casual,Bandages",white,"",50,Livraison standard,1,0,40,50,1,Quantité limitée !,"",freebird,fashionshow,"87 % avis positifs (839,882 notes)",839882,4.103759813878616,52bd3ddb34067e4620a4c62d,0,"",https://www.wish.com/c/5801bf9ef22bef78458987d8,https://contestimg.wish.com/api/webimage/5801bf9ef22bef78458987d8-medium.jpg,5801bf9ef22bef78458987d8,summer,2020-08
Mode féminine été bretelles spaghetti imprimé floral nouer devant mini robe robe sexy,Women's Summer Fashion Spaghetti Strap Floral Print Tie Front Mini Dress Sexy Dress,8.0,68,EUR,8,0,5,0.0,"","","","","",0,0,0,0,"Mini,summer dress,Floral print,Summer,womensfahsion,Spaghetti,Dress,floralprinteddres,Print,minidressforwomen,Mini dress,spaghettishoulderstrapdres,Women's Fashion,spaghettistrapdresse,Sexy Dress,Floral,sexy,Fashion",white,S,50,Livraison standard,3,0,43,50,"","",CN,Lucky726,lucky726,80 % avis positifs (626 notes),626,3.916932907348243,5d3aa36072b0c915fe6b8fbd,0,"",https://www.wish.com/c/5eb2200b989caa081980b812,https://contestimg.wish.com/api/webimage/5eb2200b989caa081980b812-medium.jpg,5eb2200b989caa081980b812,summer,2020-08
Femmes Mode Sexy Tie Dye Imprimé Deux Pièces Ensembles Été Hors Épaule Crop Top + Shorts 2 Pièce Ensemble Lâche Outfit Costumes,Women Fashion Sexy Tie Dye Printed Two Piece Sets Summer Off Shoulder Crop Top + Shorts 2 Piece Set Loose Outfit Suits,14.0,50,EUR,100,1,5,0.0,"","","","","",0,0,0,0,"Summer,Plus Size,crop top,2pieceset,Tops,Shorts,Women's Fashion,twopieceoutfit,off shoulder,printed,Tie Dye,Dyes,sexy,shortsforwomen,Outfits,Fashion,Women Fashion,Women",skyblue,S,8,Livraison standard,3,0,43,50,"","",CN,Cuiior,cuiior,"82 % avis positifs (22,711 notes)",22711,3.8720443837787855,55cc4e1d845591103477a561,0,"",https://www.wish.com/c/5ec35e48c2112616231ab3f4,https://contestimg.wish.com/api/webimage/5ec35e48c2112616231ab3f4-medium.jpg,5ec35e48c2112616231ab3f4,summer,2020-08
Mode féminine été bretelles spaghetti imprimé floral nouer devant mini robe robe sexy,Women's Summer Fashion Spaghetti Strap Floral Print Tie Front Mini Dress Sexy Dress,8.0,68,EUR,8,0,5,0.0,"","","","","",0,0,0,0,"Mini,summer dress,Floral print,Summer,womensfahsion,Spaghetti,Dress,floralprinteddres,Print,minidressforwomen,Mini dress,spaghettishoulderstrapdres,Women's Fashion,spaghettistrapdresse,Sexy Dress,Floral,sexy,Fashion",white,S,50,Livraison standard,3,0,43,50,"","",CN,Lucky726,lucky726,80 % avis positifs (626 notes),626,3.916932907348243,5d3aa36072b0c915fe6b8fbd,0,"",https://www.wish.com/c/5eb2200b989caa081980b812,https://contestimg.wish.com/api/webimage/5eb2200b989caa081980b812-medium.jpg,5eb2200b989caa081980b812,summer,2020-08
"Nouvelles femmes d'été mode couleur unie shorts causal lâche cordon de serrage pantalon court, plus la taille",New Women Summer Fashion Solid Color Shorts Causal Loose Drawstring Short Pants Plus Size,14.0,14,EUR,1,0,5,0.0,"","","","","",0,0,0,0,"Summer,Plus Size,pants,summer shorts,summershortsforwomen,Short pants,womencasualshort,plussizeshortsforwomen,solidcolorshortpant,Women's Fashion,Shorts,Fashion,Women",darkgreen,XXS,5,Livraison standard,4,0,27,50,"","",CN,gaomeigui,gaomeigui,"84 % avis positifs (1,134 notes)",1134,3.9559082892416226,5add589edb5f1f32114d07df,0,"",https://www.wish.com/c/5eccb455d4eb5d46b00be0ed,https://contestimg.wish.com/api/webimage/5eccb455d4eb5d46b00be0ed-medium.jpg,5eccb455d4eb5d46b00be0ed,summer,2020-08
6 Color Plus Size Women's Sexy Lace Patchwork Scalloped Halter Lace Bralette Plus Size Lacy Bra Crop Top Halter Neck Bralettes,6 Color Plus Size Women's Sexy Lace Patchwork Scalloped Halter Lace Bralette Plus Size Lacy Bra Crop Top Halter Neck Bralettes,4.0,4,EUR,10,1,5,0.0,"","","","","",0,0,0,0,"Plus Size,Fashion,Lace,Halter,Fitness,Workout,tank top,Women's Fashion,Lingerie,sexy lace,halterlacebralette,sexy,strappy,Tops,Bras,Necks",black,XXS,50,Livraison standard,1,0,58,50,1,Quantité limitée !,CN,USA Mall,usamall,"90 % avis positifs (6,357 notes)",6357,4.254207959729432,58b92804935861529969e778,0,"",https://www.wish.com/c/5b7d0e51b79c8414c3ef8548,https://contestimg.wish.com/api/webimage/5b7d0e51b79c8414c3ef8548-medium.jpg,5b7d0e51b79c8414c3ef8548,summer,2020-08
Robe mi-longue en denim à manches courtes pour femmes,"","","","","","","","","","","","","","","","","","","","","","","","","","","","","","","","","","","","","","","","","",""
"\",\"Plus Size Ladies Short Sleeve Summer Loose Denim Midi Dress Women Jeans Dresses","","","","","","","","","","","","","","","","","","","","","","","","","","","","","","","","","","","","","","","","","",""
"\",12,11,EUR,5000,0,3.68,781,301,173,148,72,87,0,0,0,0,\"Summer",Lines,"",Sleeve,Dress,Denim,summer dress,denimjeansdres,"","",Ladies,Women's Fashion,Shorts,minishirtdres,Jeans,mididre,"Women\"",blue,M,50,Livraison standard,3,0,139,50,"","",CN,HwaLee,hwalee,81 % avis positifs (779 notes),779,3.7766367137355585,5d464f4a56a26046dd1bb8a4,0.0,"",https://www.wish.com/c/5d66eb53d2bde654e2b948de,https://contestimg.wish.com/api/webimage/5d66eb53d2bde654e2b948de-medium.jpg,5d66eb53d2bde654e2b948de,summer,2020-08,"",""
